System,CPU Name,CPU Freq,CPU Cores,Uploaded,Platform,Single-Core Score,Multi-Core Score,URL
LENOVO 21K9CTO1WW,AMD Ryzen 5 PRO 7540U,3201,6,"Mar 20, 2025",Windows,2084.0,5939.0,https://browser.geekbench.com/v6/cpu/11116417
LENOVO 21K4S1PL00,AMD Ryzen 5 PRO 7540U,3201,6,"Mar 20, 2025",Windows,1784.0,5649.0,https://browser.geekbench.com/v6/cpu/11115244
LENOVO 21K5002PAU,AMD Ryzen 5 PRO 7540U,3201,6,"Mar 19, 2025",Windows,1829.0,6066.0,https://browser.geekbench.com/v6/cpu/11097607
HP HP EliteBook 845 14 inch G10 Notebook PC,AMD Ryzen 5 PRO 7540U,3201,6,"Mar 17, 2025",Windows,1671.0,7439.0,https://browser.geekbench.com/v6/cpu/11077440
HP HP EliteBook 845 14 inch G10 Notebook PC,AMD Ryzen 5 PRO 7540U,3201,6,"Mar 17, 2025",Windows,1833.0,6539.0,https://browser.geekbench.com/v6/cpu/11072398
HP HP EliteBook 845 14 inch G10 Notebook PC,AMD Ryzen 5 PRO 7540U,3201,6,"Mar 17, 2025",Windows,2148.0,7004.0,https://browser.geekbench.com/v6/cpu/11072323
LENOVO 21K8S09G04,AMD Ryzen 5 PRO 7540U,3201,6,"Mar 16, 2025",Windows,2177.0,8961.0,https://browser.geekbench.com/v6/cpu/11060530
HP HP EliteBook 845 14 inch G10 Notebook PC,AMD Ryzen 5 PRO 7540U,3201,6,"Mar 15, 2025",Windows,2435.0,9119.0,https://browser.geekbench.com/v6/cpu/11044985
HP HP EliteBook 845 14 inch G10 Notebook PC,AMD Ryzen 5 PRO 7540U,3201,6,"Mar 15, 2025",Windows,2128.0,6981.0,https://browser.geekbench.com/v6/cpu/11037871
HP HP EliteBook 845 14 inch G10 Notebook PC,AMD Ryzen 5 PRO 7540U,3201,6,"Mar 15, 2025",Windows,2146.0,6984.0,https://browser.geekbench.com/v6/cpu/11037747
HP HP EliteBook 845 14 inch G10 Notebook PC,AMD Ryzen 5 PRO 7540U,3201,6,"Mar 15, 2025",Windows,1862.0,6548.0,https://browser.geekbench.com/v6/cpu/11037667
HP HP EliteBook 845 14 inch G10 Notebook PC,AMD Ryzen 5 PRO 7540U,3201,6,"Mar 15, 2025",Windows,1867.0,6598.0,https://browser.geekbench.com/v6/cpu/11037452
HP HP EliteBook 845 14 inch G10 Notebook PC,AMD Ryzen 5 PRO 7540U,3201,6,"Mar 15, 2025",Windows,1263.0,5298.0,https://browser.geekbench.com/v6/cpu/11037354
HP HP EliteBook 845 14 inch G10 Notebook PC,AMD Ryzen 5 PRO 7540U,3201,6,"Mar 15, 2025",Windows,1274.0,5303.0,https://browser.geekbench.com/v6/cpu/11037219
HP HP EliteBook 845 14 inch G10 Notebook PC,AMD Ryzen 5 PRO 7540U,3201,6,"Mar 15, 2025",Windows,1263.0,5374.0,https://browser.geekbench.com/v6/cpu/11036949
HP HP EliteBook 845 14 inch G10 Notebook PC,AMD Ryzen 5 PRO 7540U,3201,6,"Mar 14, 2025",Windows,2163.0,6913.0,https://browser.geekbench.com/v6/cpu/11020446
HP HP EliteBook 845 14 inch G10 Notebook PC,AMD Ryzen 5 PRO 7540U,3201,6,"Mar 14, 2025",Windows,2024.0,6927.0,https://browser.geekbench.com/v6/cpu/11017269
HP HP EliteBook 845 14 inch G10 Notebook PC,AMD Ryzen 5 PRO 7540U,3201,6,"Mar 14, 2025",Windows,2425.0,9278.0,https://browser.geekbench.com/v6/cpu/11017184
HP HP EliteBook 845 14 inch G10 Notebook PC,AMD Ryzen 5 PRO 7540U,3201,6,"Mar 14, 2025",Windows,2382.0,8487.0,https://browser.geekbench.com/v6/cpu/11016735
HP HP EliteBook 845 14 inch G10 Notebook PC,AMD Ryzen 5 PRO 7540U,3201,6,"Mar 14, 2025",Windows,2048.0,7272.0,https://browser.geekbench.com/v6/cpu/11016621
HP HP EliteBook 845 14 inch G10 Notebook PC,AMD Ryzen 5 PRO 7540U,3201,6,"Mar 14, 2025",Windows,2126.0,6440.0,https://browser.geekbench.com/v6/cpu/11014980
HP HP EliteBook 845 14 inch G10 Notebook PC,AMD Ryzen 5 PRO 7540U,3201,6,"Mar 14, 2025",Windows,1269.0,5301.0,https://browser.geekbench.com/v6/cpu/11014915
LENOVO 21F8CTO1WW,AMD Ryzen 5 PRO 7540U,4976,6,"Mar 13, 2025",Linux,2537.0,9196.0,https://browser.geekbench.com/v6/cpu/11009844
HP HP EliteBook 845 14 inch G10 Notebook PC,AMD Ryzen 5 7540U,3201,6,"Mar 13, 2025",Windows,2442.0,9561.0,https://browser.geekbench.com/v6/cpu/11009031
LENOVO 21K3006XVN,AMD Ryzen 5 PRO 7540U,3201,6,"Mar 12, 2025",Windows,2331.0,7195.0,https://browser.geekbench.com/v6/cpu/10981116
HP HP EliteBook 845 14 inch G10 Notebook PC,AMD Ryzen 5 PRO 7540U,3201,6,"Mar 09, 2025",Windows,2300.0,7732.0,https://browser.geekbench.com/v6/cpu/10941119
HP HP EliteBook 845 14 inch G10 Notebook PC,AMD Ryzen 5 PRO 7540U,3201,6,"Mar 09, 2025",Windows,1785.0,5685.0,https://browser.geekbench.com/v6/cpu/10941038
HP HP EliteBook 845 14 inch G10 Notebook PC,AMD Ryzen 5 PRO 7540U,3201,6,"Mar 09, 2025",Windows,2419.0,8067.0,https://browser.geekbench.com/v6/cpu/10939222
HP HP EliteBook 845 14 inch G10 Notebook PC,AMD Ryzen 5 PRO 7540U,3201,6,"Mar 03, 2025",Windows,2098.0,5608.0,https://browser.geekbench.com/v6/cpu/10845526
LENOVO 21K3000NGE,AMD Ryzen 5 PRO 7540U,3201,6,"Mar 01, 2025",Windows,2333.0,9089.0,https://browser.geekbench.com/v6/cpu/10809740
HP HP EliteBook 845 14 inch G10 Notebook PC,AMD Ryzen 5 PRO 7540U,3201,6,"Feb 27, 2025",Windows,1798.0,5302.0,https://browser.geekbench.com/v6/cpu/10773637
HP HP EliteBook 845 14 inch G10 Notebook PC,AMD Ryzen 5 PRO 7540U,3201,6,"Feb 27, 2025",Windows,1894.0,6615.0,https://browser.geekbench.com/v6/cpu/10773610
HP HP EliteBook 845 14 inch G10 Notebook PC,AMD Ryzen 5 PRO 7540U,3201,6,"Feb 27, 2025",Windows,1790.0,5247.0,https://browser.geekbench.com/v6/cpu/10773470
HP HP EliteBook 845 14 inch G10 Notebook PC,AMD Ryzen 5 PRO 7540U,3201,6,"Feb 27, 2025",Windows,1788.0,7953.0,https://browser.geekbench.com/v6/cpu/10773465
HP HP EliteBook 845 14 inch G10 Notebook PC,AMD Ryzen 5 PRO 7540U,3201,6,"Feb 27, 2025",Windows,1790.0,5451.0,https://browser.geekbench.com/v6/cpu/10773336
HP HP EliteBook 845 14 inch G10 Notebook PC,AMD Ryzen 5 PRO 7540U,3201,6,"Feb 27, 2025",Windows,1794.0,7887.0,https://browser.geekbench.com/v6/cpu/10773335
HP HP EliteBook 845 14 inch G10 Notebook PC,AMD Ryzen 5 PRO 7540U,3201,6,"Feb 27, 2025",Windows,1671.0,6848.0,https://browser.geekbench.com/v6/cpu/10773204
HP HP EliteBook 845 14 inch G10 Notebook PC,AMD Ryzen 5 PRO 7540U,3201,6,"Feb 27, 2025",Windows,2056.0,5988.0,https://browser.geekbench.com/v6/cpu/10773200
LENOVO 21K8S0C200,AMD Ryzen 5 PRO 7540U,3201,6,"Feb 26, 2025",Windows,2363.0,8673.0,https://browser.geekbench.com/v6/cpu/10762345
LENOVO 21K8S0C200,AMD Ryzen 5 PRO 7540U,3201,6,"Feb 26, 2025",Windows,2246.0,8563.0,https://browser.geekbench.com/v6/cpu/10762245
LENOVO 21K8S0C200,AMD Ryzen 5 PRO 7540U,3201,6,"Feb 26, 2025",Windows,2209.0,8534.0,https://browser.geekbench.com/v6/cpu/10762144
LENOVO 21K8S0C200,AMD Ryzen 5 PRO 7540U,3201,6,"Feb 26, 2025",Windows,2224.0,8310.0,https://browser.geekbench.com/v6/cpu/10761348
HP HP EliteBook 845 14 inch G10 Notebook PC,AMD Ryzen 5 7540U,3201,6,"Feb 23, 2025",Windows,2487.0,9538.0,https://browser.geekbench.com/v6/cpu/10712655
LENOVO 21K3CTO1WW,AMD Ryzen 5 PRO 7540U,3201,6,"Feb 23, 2025",Windows,2384.0,9150.0,https://browser.geekbench.com/v6/cpu/10696292
LENOVO 21F8CTO1WW,AMD Ryzen 5 PRO 7540U,3201,6,"Feb 22, 2025",Windows,2207.0,8550.0,https://browser.geekbench.com/v6/cpu/10678236
LENOVO 21F9S0NX0M,AMD Ryzen 5 PRO 7540U,3201,6,"Feb 20, 2025",Windows,2374.0,8441.0,https://browser.geekbench.com/v6/cpu/10647031
LENOVO 21K3CTO1WW,AMD Ryzen 5 PRO 7540U,3201,6,"Feb 15, 2025",Windows,2399.0,9111.0,https://browser.geekbench.com/v6/cpu/10547367
LENOVO 21J3CTO1WW,AMD Ryzen 5 PRO 7540U,3201,6,"Feb 14, 2025",Windows,1442.0,5751.0,https://browser.geekbench.com/v6/cpu/10528295
HP HP EliteBook 845 14 inch G10 Notebook PC,AMD Ryzen 5 PRO 7540U,3201,6,"Feb 13, 2025",Windows,1210.0,5267.0,https://browser.geekbench.com/v6/cpu/10523815
LENOVO 21J3CTO1WW,AMD Ryzen 5 PRO 7540U,3201,6,"Feb 13, 2025",Windows,1950.0,6089.0,https://browser.geekbench.com/v6/cpu/10510433
HP HP EliteBook 845 14 inch G10 Notebook PC,AMD Ryzen 5 PRO 7540U,4976,6,"Feb 12, 2025",Linux,2419.0,7354.0,https://browser.geekbench.com/v6/cpu/10485921
HP HP EliteBook 845 14 inch G10 Notebook PC,AMD Ryzen 5 PRO 7540U,4976,6,"Feb 11, 2025",Linux,2431.0,7384.0,https://browser.geekbench.com/v6/cpu/10480097
HP HP EliteBook 845 14 inch G10 Notebook PC,AMD Ryzen 5 PRO 7540U,4976,6,"Feb 11, 2025",Linux,2346.0,7366.0,https://browser.geekbench.com/v6/cpu/10479803
HP HP EliteBook 845 14 inch G10 Notebook PC,AMD Ryzen 5 PRO 7540U,4976,6,"Feb 11, 2025",Linux,2402.0,7478.0,https://browser.geekbench.com/v6/cpu/10479721
HP HP EliteBook 845 14 inch G10 Notebook PC,AMD Ryzen 5 PRO 7540U,3201,6,"Feb 11, 2025",Windows,1619.0,5699.0,https://browser.geekbench.com/v6/cpu/10471680
HP HP EliteBook 845 14 inch G10 Notebook PC,AMD Ryzen 5 PRO 7540U,3201,6,"Feb 11, 2025",Windows,2108.0,8079.0,https://browser.geekbench.com/v6/cpu/10469375
HP HP EliteBook 845 14 inch G10 Notebook PC,AMD Ryzen 5 PRO 7540U,3201,6,"Feb 11, 2025",Windows,2098.0,7284.0,https://browser.geekbench.com/v6/cpu/10469362
HP HP EliteBook 845 14 inch G10 Notebook PC,AMD Ryzen 5 PRO 7540U,3201,6,"Feb 11, 2025",Windows,2069.0,6940.0,https://browser.geekbench.com/v6/cpu/10469224
LENOVO 21K4S2PW00,AMD Ryzen 5 PRO 7540U,3201,6,"Feb 04, 2025",Windows,2307.0,8623.0,https://browser.geekbench.com/v6/cpu/10311185
LENOVO 21K4S2PW00,AMD Ryzen 5 PRO 7540U,3201,6,"Feb 04, 2025",Windows,2250.0,8360.0,https://browser.geekbench.com/v6/cpu/10310182
HP HP EliteBook 835 13 inch G10 Notebook PC,AMD Ryzen 5 PRO 7540U,3201,6,"Feb 04, 2025",Windows,514.0,4338.0,https://browser.geekbench.com/v6/cpu/10299177
HP HP EliteBook 835 13 inch G10 Notebook PC,AMD Ryzen 5 PRO 7540U,3201,6,"Feb 04, 2025",Windows,2331.0,8072.0,https://browser.geekbench.com/v6/cpu/10292199
LENOVO 21K4S3P400,AMD Ryzen 5 PRO 7540U,4976,6,"Jan 30, 2025",Linux,2388.0,8745.0,https://browser.geekbench.com/v6/cpu/10205732
LENOVO 21K8S13G00,AMD Ryzen 5 PRO 7540U,3201,6,"Jan 30, 2025",Windows,2277.0,8633.0,https://browser.geekbench.com/v6/cpu/10205366
LENOVO 21F8004FUS,AMD Ryzen 5 PRO 7540U,3201,6,"Jan 30, 2025",Windows,2356.0,8430.0,https://browser.geekbench.com/v6/cpu/10193291
LENOVO 21F8004FUS,AMD Ryzen 5 PRO 7540U,3201,6,"Jan 29, 2025",Windows,2227.0,7535.0,https://browser.geekbench.com/v6/cpu/10176223
HP HP EliteBook 845 14 inch G10 Notebook PC,AMD Ryzen 5 PRO 7540U,3201,6,"Jan 22, 2025",Windows,2260.0,7400.0,https://browser.geekbench.com/v6/cpu/10054732
LENOVO 21K30007US,AMD Ryzen 5 PRO 7540U,3201,6,"Jan 22, 2025",Windows,2368.0,8720.0,https://browser.geekbench.com/v6/cpu/10051437
HP HP EliteBook 845 14 inch G10 Notebook PC,AMD Ryzen 5 PRO 7540U,3201,6,"Jan 19, 2025",Windows,2381.0,8896.0,https://browser.geekbench.com/v6/cpu/10006613
HP HP EliteBook 845 14 inch G10 Notebook PC,AMD Ryzen 5 7540U,3201,6,"Jan 18, 2025",Windows,2456.0,9600.0,https://browser.geekbench.com/v6/cpu/9998380
HP HP EliteBook 845 14 inch G10 Notebook PC,AMD Ryzen 5 PRO 7540U,3201,6,"Jan 10, 2025",Windows,2399.0,7672.0,https://browser.geekbench.com/v6/cpu/9867952
HP HP EliteBook 845 14 inch G10 Notebook PC,AMD Ryzen 5 PRO 7540U,3201,6,"Jan 10, 2025",Windows,1846.0,5243.0,https://browser.geekbench.com/v6/cpu/9867848
HP HP EliteBook 845 14 inch G10 Notebook PC,AMD Ryzen 5 7540U,3201,6,"Jan 09, 2025",Windows,2093.0,6818.0,https://browser.geekbench.com/v6/cpu/9855766
HP HP EliteBook 845 14 inch G10 Notebook PC,AMD Ryzen 5 PRO 7540U,3201,6,"Jan 09, 2025",Windows,1786.0,5186.0,https://browser.geekbench.com/v6/cpu/9854525
HP HP EliteBook 845 14 inch G10 Notebook PC,AMD Ryzen 5 PRO 7540U,3201,6,"Jan 07, 2025",Windows,2376.0,8532.0,https://browser.geekbench.com/v6/cpu/9820097
HP HP EliteBook 845 14 inch G10 Notebook PC,AMD Ryzen 5 PRO 7540U,3201,6,"Dec 22, 2024",Windows,2424.0,8076.0,https://browser.geekbench.com/v6/cpu/9554387
HP HP EliteBook 845 14 inch G10 Notebook PC,AMD Ryzen 5 PRO 7540U,3201,6,"Dec 22, 2024",Windows,1838.0,5258.0,https://browser.geekbench.com/v6/cpu/9554297
HP HP EliteBook 845 G10,AMD Ryzen 5 PRO 7540U,3201,6,"Dec 21, 2024",Windows,2117.0,5805.0,https://browser.geekbench.com/v6/cpu/9536777
HP HP EliteBook 845 14 inch G10 Notebook PC,AMD Ryzen 5 7540U,3201,6,"Dec 18, 2024",Windows,2267.0,8610.0,https://browser.geekbench.com/v6/cpu/9498124
HP HP EliteBook 845 14 inch G10 Notebook PC,AMD Ryzen 5 7540U,3201,6,"Dec 16, 2024",Windows,2378.0,9345.0,https://browser.geekbench.com/v6/cpu/9464609
HP HP EliteBook 845 14 inch G10 Notebook PC,AMD Ryzen 5 7540U,3201,6,"Dec 15, 2024",Windows,2273.0,9447.0,https://browser.geekbench.com/v6/cpu/9446881
HP HP EliteBook 845 14 inch G10 Notebook PC,AMD Ryzen 5 7540U,3201,6,"Dec 15, 2024",Windows,1869.0,7418.0,https://browser.geekbench.com/v6/cpu/9446370
HP HP EliteBook 845 14 inch G10 Notebook PC,AMD Ryzen 5 7540U,3201,6,"Dec 15, 2024",Windows,2272.0,9039.0,https://browser.geekbench.com/v6/cpu/9444928
HP HP EliteBook 845 14 inch G10 Notebook PC,AMD Ryzen 5 7540U,3201,6,"Dec 15, 2024",Windows,1802.0,6700.0,https://browser.geekbench.com/v6/cpu/9444861
HP HP EliteBook 845 14 inch G10 Notebook PC,AMD Ryzen 5 7540U,3201,6,"Dec 11, 2024",Windows,2431.0,9340.0,https://browser.geekbench.com/v6/cpu/9368200
LENOVO 21JV000EUS,AMD Ryzen 5 PRO 7540U,4976,6,"Dec 10, 2024",Linux,2160.0,6160.0,https://browser.geekbench.com/v6/cpu/9354012
HP HP EliteBook 845 14 inch G10 Notebook PC,AMD Ryzen 5 7540U,3201,6,"Dec 10, 2024",Windows,2453.0,9434.0,https://browser.geekbench.com/v6/cpu/9352291
LENOVO 21K4S2VP00,AMD Ryzen 5 PRO 7540U,3201,6,"Dec 06, 2024",Windows,2326.0,7324.0,https://browser.geekbench.com/v6/cpu/9276855
HP HP EliteBook 845 14 inch G10 Notebook PC,AMD Ryzen 5 PRO 7540U,3201,6,"Dec 06, 2024",Windows,2247.0,9000.0,https://browser.geekbench.com/v6/cpu/9265280
HP HP EliteBook 845 14 inch G10 Notebook PC,AMD Ryzen 5 PRO 7540U,3201,6,"Dec 04, 2024",Windows,1883.0,4846.0,https://browser.geekbench.com/v6/cpu/9236566
innotek GmbH VirtualBox,AMD Ryzen 5 PRO 7540U,3194,6,"Dec 04, 2024",Linux,1045.0,2405.0,https://browser.geekbench.com/v6/cpu/9236469
LENOVO 21JVSITR03,AMD Ryzen 5 PRO 7540U,3201,6,"Dec 02, 2024",Windows,2049.0,4966.0,https://browser.geekbench.com/v6/cpu/9202927
LENOVO 21JVSITR03,AMD Ryzen 5 PRO 7540U,3201,6,"Dec 02, 2024",Windows,1254.0,3229.0,https://browser.geekbench.com/v6/cpu/9202758
LENOVO 21K8S09G04,AMD Ryzen 5 PRO 7540U,3201,6,"Dec 01, 2024",Windows,1141.0,6455.0,https://browser.geekbench.com/v6/cpu/9188586
HP HP EliteBook 845 14 inch G10 Notebook PC,AMD Ryzen 5 PRO 7540U,3201,6,"Dec 01, 2024",Windows,2238.0,8619.0,https://browser.geekbench.com/v6/cpu/9172364
HP HP EliteBook 845 14 inch G10 Notebook PC,AMD Ryzen 5 PRO 7540U,3201,6,"Nov 27, 2024",Windows,2136.0,7616.0,https://browser.geekbench.com/v6/cpu/9106999
LENOVO 21K4S3P400,AMD Ryzen 5 PRO 7540U,3201,6,"Nov 25, 2024",Windows,2402.0,8958.0,https://browser.geekbench.com/v6/cpu/9063097
LENOVO 21K4S3P400,AMD Ryzen 5 PRO 7540U,3201,6,"Nov 25, 2024",Windows,2222.0,6714.0,https://browser.geekbench.com/v6/cpu/9062654
HP HP EliteBook 845 14 inch G10 Notebook PC,AMD Ryzen 5 PRO 7540U,3201,6,"Nov 23, 2024",Windows,2445.0,9013.0,https://browser.geekbench.com/v6/cpu/9031509
HP HP EliteBook 835 13 inch G10 Notebook PC,AMD Ryzen 5 7540U,3201,6,"Nov 13, 2024",Windows,2192.0,8455.0,https://browser.geekbench.com/v6/cpu/8816669
LENOVO 82X3,AMD Ryzen 5 7540U with Radeon 740M Graphics,3201,6,"Nov 11, 2024",Windows,2389.0,7574.0,https://browser.geekbench.com/v6/cpu/8774864
LENOVO 21K3CTO1WW,AMD Ryzen 5 PRO 7540U,3201,6,"Nov 06, 2024",Windows,2345.0,9146.0,https://browser.geekbench.com/v6/cpu/8680472
LENOVO 21K8S0P700,AMD Ryzen 5 PRO 7540U,3201,6,"Nov 04, 2024",Windows,2319.0,9090.0,https://browser.geekbench.com/v6/cpu/8655169
HP HP EliteBook 845 14 inch G10 Notebook PC,AMD Ryzen 5 PRO 7540U,3201,6,"Nov 04, 2024",Windows,1663.0,8099.0,https://browser.geekbench.com/v6/cpu/8652661
HP HP EliteBook 845 14 inch G10 Notebook PC,AMD Ryzen 5 PRO 7540U,3201,6,"Nov 04, 2024",Windows,1599.0,7791.0,https://browser.geekbench.com/v6/cpu/8652564
HP HP EliteBook 845 14 inch G10 Notebook PC,AMD Ryzen 5 PRO 7540U,3201,6,"Nov 04, 2024",Windows,1662.0,7939.0,https://browser.geekbench.com/v6/cpu/8652388
HP HP EliteBook 845 14 inch G10 Notebook PC,AMD Ryzen 5 PRO 7540U,3201,6,"Nov 03, 2024",Windows,2272.0,8928.0,https://browser.geekbench.com/v6/cpu/8636810
LENOVO 21J3CTO1WW,AMD Ryzen 5 PRO 7540U,3201,6,"Nov 02, 2024",Windows,1946.0,5350.0,https://browser.geekbench.com/v6/cpu/8618433
LENOVO 21K7CTO1WW,AMD Ryzen 5 PRO 7540U,3201,6,"Nov 02, 2024",Windows,2230.0,8895.0,https://browser.geekbench.com/v6/cpu/8609001
LENOVO 21J3CTO1WW,AMD Ryzen 5 PRO 7540U,4976,6,"Oct 28, 2024",Linux,2455.0,9244.0,https://browser.geekbench.com/v6/cpu/8522595
HP HP EliteBook 845 14 inch G10 Notebook PC,AMD Ryzen 5 PRO 7540U,3201,6,"Oct 28, 2024",Windows,2367.0,7838.0,https://browser.geekbench.com/v6/cpu/8522428
HP HP EliteBook 845 14 inch G10 Notebook PC,AMD Ryzen 5 PRO 7540U,3201,6,"Oct 28, 2024",Windows,2341.0,7737.0,https://browser.geekbench.com/v6/cpu/8522347
LENOVO 21K30007US,AMD Ryzen 5 PRO 7540U,4976,6,"Oct 10, 2024",Linux,2370.0,8586.0,https://browser.geekbench.com/v6/cpu/8235052
LENOVO 21K30007US,AMD Ryzen 5 PRO 7540U,4976,6,"Oct 10, 2024",Linux,1419.0,6245.0,https://browser.geekbench.com/v6/cpu/8234807
LENOVO 21K30007US,AMD Ryzen 5 PRO 7540U,4976,6,"Oct 10, 2024",Linux,1841.0,3247.0,https://browser.geekbench.com/v6/cpu/8234790
LENOVO 21K30007US,AMD Ryzen 5 PRO 7540U,4976,6,"Oct 10, 2024",Linux,1942.0,3228.0,https://browser.geekbench.com/v6/cpu/8234789
LENOVO 21K30007US,AMD Ryzen 5 PRO 7540U,4976,6,"Oct 10, 2024",Linux,1894.0,3540.0,https://browser.geekbench.com/v6/cpu/8234788
LENOVO 21K30007US,AMD Ryzen 5 PRO 7540U,4976,6,"Oct 10, 2024",Linux,1742.0,3177.0,https://browser.geekbench.com/v6/cpu/8234783
LENOVO 21K7000LFR-T16gen2-avec chargeur,AMD Ryzen 5 PRO 7540U,3201,6,"Oct 07, 2024",Windows,2277.0,8297.0,https://browser.geekbench.com/v6/cpu/8194676
LENOVO 21K7000LFR-T16gen2-sur batterie,AMD Ryzen 5 PRO 7540U,3201,6,"Oct 07, 2024",Windows,1771.0,5629.0,https://browser.geekbench.com/v6/cpu/8194463
LENOVO 21K8S0G51N,AMD Ryzen 5 PRO 7540U,3201,6,"Sep 27, 2024",Windows,2142.0,8477.0,https://browser.geekbench.com/v6/cpu/8008464
HP HP EliteBook 845 14 inch G10 Notebook PC,AMD Ryzen 5 PRO 7540U,3201,6,"Sep 26, 2024",Windows,2330.0,7998.0,https://browser.geekbench.com/v6/cpu/7993764
LENOVO 21K8S0G51N,AMD Ryzen 5 PRO 7540U,3201,6,"Sep 23, 2024",Windows,2152.0,8698.0,https://browser.geekbench.com/v6/cpu/7932857
LENOVO 21K8S0G51N,AMD Ryzen 5 PRO 7540U,3201,6,"Sep 17, 2024",Windows,2287.0,9103.0,https://browser.geekbench.com/v6/cpu/7818826
HP HP EliteBook 845 14 inch G10 Notebook PC,AMD Ryzen 5 PRO 7540U,3201,6,"Sep 16, 2024",Windows,2338.0,8594.0,https://browser.geekbench.com/v6/cpu/7791022
HP HP EliteBook 845 14 inch G10 Notebook PC,AMD Ryzen 5 7540U,3201,6,"Sep 14, 2024",Windows,2426.0,9355.0,https://browser.geekbench.com/v6/cpu/7772114
HP HP EliteBook 845 14 inch G10 Notebook PC,AMD Ryzen 5 7540U,3201,6,"Sep 14, 2024",Windows,2107.0,7254.0,https://browser.geekbench.com/v6/cpu/7772052
HP HP EliteBook 845 14 inch G10 Notebook PC,AMD Ryzen 5 7540U,3201,6,"Sep 14, 2024",Windows,2451.0,9463.0,https://browser.geekbench.com/v6/cpu/7768677
HP HP EliteBook 845 14 inch G10 Notebook PC,AMD Ryzen 5 7540U,3201,6,"Sep 14, 2024",Windows,2294.0,8913.0,https://browser.geekbench.com/v6/cpu/7765419
HP HP EliteBook 845 14 inch G10 Notebook PC,AMD Ryzen 5 PRO 7540U,3201,6,"Sep 12, 2024",Windows,2464.0,8803.0,https://browser.geekbench.com/v6/cpu/7729352
HP HP Pavilion Plus Laptop 14-ey0xxx,AMD Ryzen 5 7540U,3201,6,"Sep 04, 2024",Windows,2150.0,8546.0,https://browser.geekbench.com/v6/cpu/7628538
HP HP EliteBook 845 14 inch G10 Notebook PC,AMD Ryzen 5 7540U,3201,6,"Sep 01, 2024",Windows,1700.0,8211.0,https://browser.geekbench.com/v6/cpu/7588983
HP HP EliteBook 845 14 inch G10 Notebook PC,AMD Ryzen 5 7540U,3201,6,"Sep 01, 2024",Windows,1789.0,8264.0,https://browser.geekbench.com/v6/cpu/7588896
LENOVO 21F9S1Q300,AMD Ryzen 5 PRO 7540U,3201,6,"Aug 19, 2024",Windows,2269.0,8007.0,https://browser.geekbench.com/v6/cpu/7404769
HP HP EliteBook 845 14 inch G10 Notebook PC,AMD Ryzen 5 PRO 7540U,3201,6,"Aug 18, 2024",Windows,2073.0,8052.0,https://browser.geekbench.com/v6/cpu/7389642
LENOVO 21K3000GIX,AMD Ryzen 5 PRO 7540U,3201,6,"Aug 17, 2024",Windows,1563.0,4984.0,https://browser.geekbench.com/v6/cpu/7375895
LENOVO 21K3000GIX,AMD Ryzen 5 PRO 7540U,3201,6,"Aug 17, 2024",Windows,1603.0,3812.0,https://browser.geekbench.com/v6/cpu/7375805
HP HP EliteBook 845 14 inch G10 Notebook PC,AMD Ryzen 5 7540U,3201,6,"Aug 12, 2024",Windows,2452.0,9181.0,https://browser.geekbench.com/v6/cpu/7304756
LENOVO 21K4S12K00,AMD Ryzen 5 PRO 7540U,3201,6,"Aug 06, 2024",Windows,2311.0,9045.0,https://browser.geekbench.com/v6/cpu/7213939
LENOVO 21K4S12K00,AMD Ryzen 5 PRO 7540U,3201,6,"Aug 06, 2024",Windows,2212.0,8966.0,https://browser.geekbench.com/v6/cpu/7213216
LENOVO 21K4S12K00,AMD Ryzen 5 PRO 7540U,3201,6,"Aug 06, 2024",Windows,2162.0,8259.0,https://browser.geekbench.com/v6/cpu/7212543
HP HP EliteBook 845 14 inch G10 Notebook PC,AMD Ryzen 5 7540U,3201,6,"Aug 03, 2024",Windows,2381.0,9593.0,https://browser.geekbench.com/v6/cpu/7181224
HP HP EliteBook 845 14 inch G10 Notebook PC,AMD Ryzen 5 7540U,3201,6,"Aug 03, 2024",Windows,1818.0,8494.0,https://browser.geekbench.com/v6/cpu/7181108
HP HP EliteBook 865 16 inch G10 Notebook PC,AMD Ryzen 5 7540U,3201,6,"Aug 03, 2024",Windows,2146.0,5907.0,https://browser.geekbench.com/v6/cpu/7177581
HP HP EliteBook 835 13 inch G10 Notebook PC,AMD Ryzen 5 PRO 7540U,3201,6,"Aug 01, 2024",Windows,2301.0,8860.0,https://browser.geekbench.com/v6/cpu/7155649
LENOVO 21F8004HUS,AMD Ryzen 5 PRO 7540U,3201,6,"Aug 01, 2024",Windows,2230.0,8555.0,https://browser.geekbench.com/v6/cpu/7145898
LENOVO 21F8004HUS,AMD Ryzen 5 PRO 7540U,3201,6,"Aug 01, 2024",Windows,1766.0,5996.0,https://browser.geekbench.com/v6/cpu/7145838
LENOVO 21F8004FUS,AMD Ryzen 5 PRO 7540U,3201,6,"Jul 26, 2024",Windows,2231.0,8118.0,https://browser.geekbench.com/v6/cpu/7072476
HP HP EliteBook 845 14 inch G10 Notebook PC,AMD Ryzen 5 PRO 7540U,3201,6,"Jul 25, 2024",Windows,2052.0,6872.0,https://browser.geekbench.com/v6/cpu/7052162
HP HP EliteBook 845 14 inch G10 Notebook PC,AMD Ryzen 5 PRO 7540U,3201,6,"Jul 25, 2024",Windows,2046.0,6200.0,https://browser.geekbench.com/v6/cpu/7052064
HP HP EliteBook 845 14 inch G10 Notebook PC,AMD Ryzen 5 PRO 7540U,3201,6,"Jul 25, 2024",Windows,2398.0,8891.0,https://browser.geekbench.com/v6/cpu/7051921
HP HP EliteBook 845 14 inch G10 Notebook PC,AMD Ryzen 5 PRO 7540U,3201,6,"Jul 24, 2024",Windows,2436.0,9088.0,https://browser.geekbench.com/v6/cpu/7040072
HP HP Pavilion Plus Laptop 14-ey0xxx,AMD Ryzen 5 7540U,3201,6,"Jul 24, 2024",Windows,2299.0,9000.0,https://browser.geekbench.com/v6/cpu/7036107
HP HP EliteBook 845 14 inch G10 Notebook PC,AMD Ryzen 5 PRO 7540U,4976,6,"Jul 22, 2024",Linux,2157.0,7285.0,https://browser.geekbench.com/v6/cpu/7017634
HP HP EliteBook 845 14 inch G10 Notebook PC,AMD Ryzen 5 PRO 7540U,4976,6,"Jul 22, 2024",Linux,1240.0,4320.0,https://browser.geekbench.com/v6/cpu/7017572
LENOVO 21K4S1EE00,AMD Ryzen 5 PRO 7540U,3201,6,"Jul 21, 2024",Windows,2302.0,7083.0,https://browser.geekbench.com/v6/cpu/7005867
LENOVO 21F8CTO1WW,AMD Ryzen 5 PRO 7540U,3201,6,"Jul 20, 2024",Windows,2263.0,8497.0,https://browser.geekbench.com/v6/cpu/6983680
LENOVO 21K4S1EE00,AMD Ryzen 5 PRO 7540U,3201,6,"Jul 18, 2024",Windows,2228.0,7150.0,https://browser.geekbench.com/v6/cpu/6965870
LENOVO 21K7CTO1WW,AMD Ryzen 5 PRO 7540U,3201,6,"Jul 17, 2024",Windows,2329.0,9061.0,https://browser.geekbench.com/v6/cpu/6945312
LENOVO 21K7CTO1WW,AMD Ryzen 5 PRO 7540U,3201,6,"Jul 17, 2024",Windows,2288.0,8573.0,https://browser.geekbench.com/v6/cpu/6945238
HP HP EliteBook 845 14 inch G10 Notebook PC,AMD Ryzen 5 PRO 7540U,3201,6,"Jul 16, 2024",Windows,2460.0,9144.0,https://browser.geekbench.com/v6/cpu/6938067
HP HP EliteBook 845 14 inch G10 Notebook PC,AMD Ryzen 5 PRO 7540U,3201,6,"Jul 13, 2024",Windows,2205.0,7637.0,https://browser.geekbench.com/v6/cpu/6900691
HP HP EliteBook 845 14 inch G10 Notebook PC,AMD Ryzen 5 PRO 7540U,3201,6,"Jul 13, 2024",Windows,2186.0,7594.0,https://browser.geekbench.com/v6/cpu/6900569
HP HP EliteBook 845 14 inch G10 Notebook PC,AMD Ryzen 5 PRO 7540U,3201,6,"Jul 13, 2024",Windows,2078.0,7051.0,https://browser.geekbench.com/v6/cpu/6899508
HP HP EliteBook 845 14 inch G10 Notebook PC,AMD Ryzen 5 PRO 7540U,3201,6,"Jul 13, 2024",Windows,2156.0,7541.0,https://browser.geekbench.com/v6/cpu/6899279
HP HP EliteBook 845 14 inch G10 Notebook PC,AMD Ryzen 5 PRO 7540U,3201,6,"Jul 13, 2024",Windows,1869.0,6535.0,https://browser.geekbench.com/v6/cpu/6896271
HP HP EliteBook 845 14 inch G10 Notebook PC,AMD Ryzen 5 PRO 7540U,3201,6,"Jul 12, 2024",Windows,2460.0,9148.0,https://browser.geekbench.com/v6/cpu/6890304
HP HP EliteBook 845 14 inch G10 Notebook PC,AMD Ryzen 5 PRO 7540U,3201,6,"Jul 11, 2024",Windows,2386.0,8932.0,https://browser.geekbench.com/v6/cpu/6871111
HP HP EliteBook 845 14 inch G10 Notebook PC,AMD Ryzen 5 PRO 7540U,3201,6,"Jul 05, 2024",Windows,2425.0,9501.0,https://browser.geekbench.com/v6/cpu/6791806
HP HP EliteBook 845 14 inch G10 Notebook PC,AMD Ryzen 5 7540U,3201,6,"Jun 16, 2024",Windows,2131.0,7304.0,https://browser.geekbench.com/v6/cpu/6535791
LENOVO 21K3CTO1WW,AMD Ryzen 5 PRO 7540U,3201,6,"Jun 15, 2024",Windows,2307.0,9190.0,https://browser.geekbench.com/v6/cpu/6522693
LENOVO 21K3CTO1WW,AMD Ryzen 5 PRO 7540U,3201,6,"Jun 13, 2024",Windows,2327.0,9250.0,https://browser.geekbench.com/v6/cpu/6498752
LENOVO 21K7000EPB,AMD Ryzen 5 PRO 7540U,3201,6,"Jun 10, 2024",Windows,2348.0,9124.0,https://browser.geekbench.com/v6/cpu/6459598
HP HP EliteBook 845 14 inch G10 Notebook PC,AMD Ryzen 5 7540U,3201,6,"Jun 09, 2024",Windows,1824.0,5437.0,https://browser.geekbench.com/v6/cpu/6453699
LENOVO 21K3CTO1WW,AMD Ryzen 5 PRO 7540U,3201,6,"Jun 09, 2024",Windows,1853.0,7940.0,https://browser.geekbench.com/v6/cpu/6452899
LENOVO 21K4S1WQ00,AMD Ryzen 5 PRO 7540U,3201,6,"Jun 09, 2024",Windows,1793.0,5984.0,https://browser.geekbench.com/v6/cpu/6447563
LENOVO 21K4S1WQ00,AMD Ryzen 5 PRO 7540U,3201,6,"Jun 09, 2024",Windows,1793.0,6256.0,https://browser.geekbench.com/v6/cpu/6446823
"AMD Ryzen 5 7540U (NTB, DDR5, dual CH)",AMD Ryzen 5 7540U,3201,6,"Jun 07, 2024",Windows,2440.0,9595.0,https://browser.geekbench.com/v6/cpu/6425473
HP HP EliteBook 845 14 inch G10 Notebook PC,AMD Ryzen 5 7540U,3201,6,"Jun 07, 2024",Windows,2437.0,9512.0,https://browser.geekbench.com/v6/cpu/6425390
LENOVO 21J3CTO1WW,AMD Ryzen 5 PRO 7540U,3201,6,"Jun 06, 2024",Windows,2405.0,7940.0,https://browser.geekbench.com/v6/cpu/6409355
LENOVO 21K30007US,AMD Ryzen 5 PRO 7540U,4976,6,"Jun 03, 2024",Linux,1417.0,2252.0,https://browser.geekbench.com/v6/cpu/6366156
LENOVO 21K30007US,AMD Ryzen 5 PRO 7540U,4976,6,"Jun 03, 2024",Linux,1425.0,2147.0,https://browser.geekbench.com/v6/cpu/6366154
LENOVO 21K30007US,AMD Ryzen 5 PRO 7540U,4976,6,"Jun 03, 2024",Linux,1708.0,1969.0,https://browser.geekbench.com/v6/cpu/6366152
LENOVO 21K30007US,AMD Ryzen 5 PRO 7540U,4976,6,"Jun 03, 2024",Linux,1586.0,2208.0,https://browser.geekbench.com/v6/cpu/6366151
LENOVO 21K30007US,AMD Ryzen 5 PRO 7540U,4976,6,"Jun 03, 2024",Linux,1549.0,2313.0,https://browser.geekbench.com/v6/cpu/6366144
LENOVO 21K30007US,AMD Ryzen 5 PRO 7540U,4976,6,"Jun 03, 2024",Linux,1522.0,2609.0,https://browser.geekbench.com/v6/cpu/6366143
HP HP EliteBook 845 14 inch G10 Notebook PC,AMD Ryzen 5 7540U,3201,6,"Jun 02, 2024",Windows,1801.0,8265.0,https://browser.geekbench.com/v6/cpu/6363642
HP HP EliteBook 845 14 inch G10 Notebook PC,AMD Ryzen 5 7540U,3201,6,"Jun 02, 2024",Windows,1807.0,8086.0,https://browser.geekbench.com/v6/cpu/6363579
HP HP EliteBook 845 14 inch G10 Notebook PC,AMD Ryzen 5 7540U,3201,6,"Jun 02, 2024",Windows,1799.0,8264.0,https://browser.geekbench.com/v6/cpu/6363407
LENOVO 21K4S0EG00,AMD Ryzen 5 PRO 7540U,4976,6,"Jun 02, 2024",Linux,2444.0,9046.0,https://browser.geekbench.com/v6/cpu/6359794
LENOVO 21K4S0EG00,AMD Ryzen 5 PRO 7540U,3201,6,"Jun 02, 2024",Linux,1694.0,8132.0,https://browser.geekbench.com/v6/cpu/6359736
HP HP EliteBook 845 14 inch G10 Notebook PC,AMD Ryzen 5 PRO 7540U,3201,6,"May 31, 2024",Windows,2300.0,7920.0,https://browser.geekbench.com/v6/cpu/6332335
HP HP EliteBook 845 14 inch G10 Notebook PC,AMD Ryzen 5 PRO 7540U,3201,6,"May 31, 2024",Windows,1986.0,5531.0,https://browser.geekbench.com/v6/cpu/6332284
LENOVO 21K4S0EG00,AMD Ryzen 5 PRO 7540U,3201,6,"May 30, 2024",Linux,1685.0,7562.0,https://browser.geekbench.com/v6/cpu/6320951
LENOVO 21K4S0EG00,AMD Ryzen 5 PRO 7540U,4976,6,"May 30, 2024",Linux,1993.0,7152.0,https://browser.geekbench.com/v6/cpu/6320878
LENOVO 21K4S0EG00,AMD Ryzen 5 PRO 7540U,4976,6,"May 30, 2024",Linux,1963.0,7640.0,https://browser.geekbench.com/v6/cpu/6320814
Lenovo THINKPAD X13 AMD,AMD Ryzen 5 PRO 7540U,3201,6,"May 26, 2024",Windows,2336.0,8852.0,https://browser.geekbench.com/v6/cpu/6274966
LENOVO 21K4S0EG00,AMD Ryzen 5 PRO 7540U,4976,6,"May 26, 2024",Linux,2021.0,8743.0,https://browser.geekbench.com/v6/cpu/6271402
LENOVO 21K4S0EG00,AMD Ryzen 5 PRO 7540U,3201,6,"May 26, 2024",Linux,1689.0,8104.0,https://browser.geekbench.com/v6/cpu/6271307
LENOVO 21K4S0EG00,AMD Ryzen 5 PRO 7540U,4976,6,"May 26, 2024",Linux,2032.0,8706.0,https://browser.geekbench.com/v6/cpu/6267309
LENOVO 21K4S0EG00,AMD Ryzen 5 PRO 7540U,6475,6,"May 24, 2024",Linux,2283.0,9124.0,https://browser.geekbench.com/v6/cpu/6243680
HP HP EliteBook 845 14 inch G10 Notebook PC,AMD Ryzen 5 PRO 7540U,3201,6,"May 24, 2024",Windows,2443.0,9497.0,https://browser.geekbench.com/v6/cpu/6242706
LENOVO 21K4S0EG00,AMD Ryzen 5 PRO 7540U,6475,6,"May 24, 2024",Linux,2122.0,6008.0,https://browser.geekbench.com/v6/cpu/6242146
LENOVO 21K7000EPB,AMD Ryzen 5 PRO 7540U,3201,6,"May 24, 2024",Windows,2373.0,9299.0,https://browser.geekbench.com/v6/cpu/6242036
LENOVO 21K7000EPB,AMD Ryzen 5 PRO 7540U,3201,6,"May 22, 2024",Windows,2342.0,8924.0,https://browser.geekbench.com/v6/cpu/6214785
LENOVO 21K7000EPB,AMD Ryzen 5 PRO 7540U,3201,6,"May 22, 2024",Windows,2366.0,9053.0,https://browser.geekbench.com/v6/cpu/6214494
HP HP EliteBook 845 14 inch G10 Notebook PC,AMD Ryzen 5 PRO 7540U,3201,6,"May 21, 2024",Windows,1869.0,6546.0,https://browser.geekbench.com/v6/cpu/6195007
HP HP EliteBook 845 14 inch G10 Notebook PC,AMD Ryzen 5 PRO 7540U,3201,6,"May 20, 2024",Windows,2183.0,8881.0,https://browser.geekbench.com/v6/cpu/6186616
HP HP EliteBook 845 14 inch G10 Notebook PC,AMD Ryzen 5 7540U,3201,6,"May 19, 2024",Windows,2424.0,8198.0,https://browser.geekbench.com/v6/cpu/6174136
HP HP EliteBook 845 14 inch G10 Notebook PC,AMD Ryzen 5 7540U,3201,6,"May 19, 2024",Windows,2435.0,8108.0,https://browser.geekbench.com/v6/cpu/6172826
HP HP EliteBook 845 14 inch G10 Notebook PC,AMD Ryzen 5 7540U,3201,6,"May 18, 2024",Windows,1789.0,7259.0,https://browser.geekbench.com/v6/cpu/6163060
HP HP EliteBook 835 13 inch G10 Notebook PC,AMD Ryzen 5 7540U,3201,6,"May 17, 2024",Windows,2380.0,8507.0,https://browser.geekbench.com/v6/cpu/6140778
HP HP EliteBook 835 13 inch G10 Notebook PC,AMD Ryzen 5 7540U,3201,6,"May 17, 2024",Windows,2405.0,8822.0,https://browser.geekbench.com/v6/cpu/6140450
HP HP EliteBook 835 13 inch G10 Notebook PC,AMD Ryzen 5 7540U,3201,6,"May 17, 2024",Windows,2401.0,8781.0,https://browser.geekbench.com/v6/cpu/6140320
HP HP EliteBook 845 14 inch G10 Notebook PC,AMD Ryzen 5 7540U,3201,6,"May 15, 2024",Windows,2387.0,8143.0,https://browser.geekbench.com/v6/cpu/6111539
LENOVO 21K8CTO1WW,AMD Ryzen 5 PRO 7540U,4976,6,"May 15, 2024",Linux,2368.0,8927.0,https://browser.geekbench.com/v6/cpu/6105643
LENOVO 21K8CTO1WW,AMD Ryzen 5 PRO 7540U,4976,6,"May 15, 2024",Linux,1794.0,6434.0,https://browser.geekbench.com/v6/cpu/6105541
LENOVO 21J4S1Q300,AMD Ryzen 5 PRO 7540U,3201,6,"May 14, 2024",Windows,2264.0,8267.0,https://browser.geekbench.com/v6/cpu/6101759
LENOVO 21K4S0AQ00,AMD Ryzen 5 PRO 7540U,3201,6,"May 13, 2024",Windows,2151.0,6774.0,https://browser.geekbench.com/v6/cpu/6079882
LENOVO 21K4S0AQ00,AMD Ryzen 5 PRO 7540U,3201,6,"May 13, 2024",Windows,2284.0,6784.0,https://browser.geekbench.com/v6/cpu/6078774
LENOVO 21K4S0AQ00,AMD Ryzen 5 PRO 7540U,3201,6,"May 13, 2024",Windows,2197.0,6479.0,https://browser.geekbench.com/v6/cpu/6077434
LENOVO 21K4S0AQ00,AMD Ryzen 5 PRO 7540U,3201,6,"May 13, 2024",Windows,1873.0,5971.0,https://browser.geekbench.com/v6/cpu/6077370
LENOVO 21K3000NGE,AMD Ryzen 5 PRO 7540U,3201,6,"May 08, 2024",Windows,2319.0,8811.0,https://browser.geekbench.com/v6/cpu/6006723
LENOVO 21K70009US,AMD Ryzen 5 PRO 7540U,3201,6,"May 05, 2024",Windows,2227.0,8914.0,https://browser.geekbench.com/v6/cpu/5969668
LENOVO 21K4S1Q400,AMD Ryzen 5 PRO 7540U,3201,6,"May 01, 2024",Windows,2018.0,6263.0,https://browser.geekbench.com/v6/cpu/5920657
LENOVO 21K4S1Q400,AMD Ryzen 5 PRO 7540U,3201,6,"Apr 29, 2024",Windows,2399.0,8657.0,https://browser.geekbench.com/v6/cpu/5904933
HP HP EliteBook 845 14 inch G10 Notebook PC,AMD Ryzen 5 PRO 7540U,3201,6,"Apr 25, 2024",Windows,2097.0,7942.0,https://browser.geekbench.com/v6/cpu/5853765
HP HP EliteBook 845 14 inch G10 Notebook PC,AMD Ryzen 5 PRO 7540U,3201,6,"Apr 24, 2024",Windows,2332.0,9371.0,https://browser.geekbench.com/v6/cpu/5843697
HP HP EliteBook 845 14 inch G10 Notebook PC,AMD Ryzen 5 PRO 7540U,4976,6,"Apr 23, 2024",Linux,1899.0,5458.0,https://browser.geekbench.com/v6/cpu/5825721
HP HP EliteBook 845 14 inch G10 Notebook PC,AMD Ryzen 5 PRO 7540U,4976,6,"Apr 22, 2024",Linux,2024.0,8202.0,https://browser.geekbench.com/v6/cpu/5816028
LENOVO 21K7CTO1WW,AMD Ryzen 5 PRO 7540U,4976,6,"Apr 19, 2024",Linux,2029.0,8828.0,https://browser.geekbench.com/v6/cpu/5778781
LENOVO 21K3CTO1WW,AMD Ryzen 5 PRO 7540U,3201,6,"Apr 19, 2024",Windows,2053.0,6060.0,https://browser.geekbench.com/v6/cpu/5773386
LENOVO 21K3CTO1WW,AMD Ryzen 5 PRO 7540U,3201,6,"Apr 19, 2024",Windows,1190.0,4457.0,https://browser.geekbench.com/v6/cpu/5773347
HP HP EliteBook 845 14 inch G10 Notebook PC,AMD Ryzen 5 PRO 7540U,3201,6,"Apr 18, 2024",Windows,2246.0,8754.0,https://browser.geekbench.com/v6/cpu/5768176
LENOVO 21K7CTO1WW,AMD Ryzen 5 PRO 7540U,4976,6,"Apr 18, 2024",Linux,1997.0,8607.0,https://browser.geekbench.com/v6/cpu/5761337
HP HP EliteBook 845 14 inch G10 Notebook PC,AMD Ryzen 5 7540U,3201,6,"Apr 17, 2024",Windows,2317.0,8016.0,https://browser.geekbench.com/v6/cpu/5751517
LENOVO 21F9S01500,AMD Ryzen 5 PRO 7540U,4976,6,"Apr 16, 2024",Linux,1806.0,6297.0,https://browser.geekbench.com/v6/cpu/5744995
LENOVO 21J30005US,AMD Ryzen 5 PRO 7540U,3201,6,"Apr 11, 2024",Windows,2248.0,6750.0,https://browser.geekbench.com/v6/cpu/5682578
LENOVO 21K3CTO1WW,AMD Ryzen 5 PRO 7540U,3201,6,"Apr 10, 2024",Windows,1099.0,7830.0,https://browser.geekbench.com/v6/cpu/5672081
HP HP EliteBook 845 14 inch G10 Notebook PC,AMD Ryzen 5 7540U,3201,6,"Apr 09, 2024",Windows,1754.0,8062.0,https://browser.geekbench.com/v6/cpu/5656996
HP HP EliteBook 845 14 inch G10 Notebook PC,AMD Ryzen 5 7540U,3201,6,"Apr 09, 2024",Windows,1873.0,6718.0,https://browser.geekbench.com/v6/cpu/5656886
HP HP EliteBook 845 14 inch G10 Notebook PC,AMD Ryzen 5 PRO 7540U,3201,6,"Apr 09, 2024",Windows,2494.0,9597.0,https://browser.geekbench.com/v6/cpu/5655010
HP HP EliteBook 845 14 inch G10 Notebook PC,AMD Ryzen 5 PRO 7540U,3201,6,"Apr 09, 2024",Windows,2364.0,9149.0,https://browser.geekbench.com/v6/cpu/5654754
HP HP EliteBook 845 14 inch G10 Notebook PC,AMD Ryzen 5 PRO 7540U,3201,6,"Apr 09, 2024",Windows,2468.0,9543.0,https://browser.geekbench.com/v6/cpu/5654702
HP HP EliteBook 845 14 inch G10 Notebook PC,AMD Ryzen 5 7540U,3201,6,"Apr 08, 2024",Windows,1774.0,8423.0,https://browser.geekbench.com/v6/cpu/5648358
HP HP EliteBook 845 14 inch G10 Notebook PC,AMD Ryzen 5 7540U,3201,6,"Apr 08, 2024",Windows,1777.0,8499.0,https://browser.geekbench.com/v6/cpu/5648119
HP HP EliteBook 845 14 inch G10 Notebook PC,AMD Ryzen 5 7540U,3201,6,"Apr 08, 2024",Windows,1842.0,8487.0,https://browser.geekbench.com/v6/cpu/5647756
HP HP EliteBook 845 14 inch G10 Notebook PC,AMD Ryzen 5 7540U,3201,6,"Apr 08, 2024",Windows,1888.0,6746.0,https://browser.geekbench.com/v6/cpu/5647667
HP HP EliteBook 845 14 inch G10 Notebook PC,AMD Ryzen 5 7540U,3201,6,"Apr 08, 2024",Windows,1836.0,8136.0,https://browser.geekbench.com/v6/cpu/5647539
HP HP EliteBook 845 14 inch G10 Notebook PC,AMD Ryzen 5 7540U,3201,6,"Apr 08, 2024",Windows,1833.0,8003.0,https://browser.geekbench.com/v6/cpu/5647498
LENOVO 21K7CTO1WW,AMD Ryzen 5 PRO 7540U,3201,6,"Apr 06, 2024",Windows,1174.0,4721.0,https://browser.geekbench.com/v6/cpu/5614883
LENOVO 21F8000PUK,AMD Ryzen 5 PRO 7540U,3201,6,"Apr 03, 2024",Windows,2320.0,8619.0,https://browser.geekbench.com/v6/cpu/5580426
LENOVO 21F8000PUK,AMD Ryzen 5 PRO 7540U,3201,6,"Apr 03, 2024",Windows,2335.0,8771.0,https://browser.geekbench.com/v6/cpu/5580356
LENOVO 21K3000RMH,AMD Ryzen 5 PRO 7540U,3201,6,"Apr 03, 2024",Windows,2082.0,6472.0,https://browser.geekbench.com/v6/cpu/5577845
HP HP EliteBook 835 13 inch G10 Notebook PC,AMD Ryzen 5 PRO 7540U,3201,6,"Apr 03, 2024",Windows,2215.0,8328.0,https://browser.geekbench.com/v6/cpu/5577066
LENOVO 21F8000PUK,AMD Ryzen 5 PRO 7540U,3201,6,"Apr 02, 2024",Windows,2334.0,8807.0,https://browser.geekbench.com/v6/cpu/5567199
LENOVO 21K3001BCK,AMD Ryzen 5 PRO 7540U,3201,6,"Mar 27, 2024",Windows,2298.0,8826.0,https://browser.geekbench.com/v6/cpu/5485728
LENOVO 21K3000RMX,AMD Ryzen 5 PRO 7540U,3201,6,"Mar 27, 2024",Windows,1952.0,8563.0,https://browser.geekbench.com/v6/cpu/5484798
LENOVO 21J30005US,AMD Ryzen 5 PRO 7540U,3201,6,"Mar 26, 2024",Windows,2265.0,8405.0,https://browser.geekbench.com/v6/cpu/5478316
HP HP EliteBook 845 14 inch G10 Notebook PC,AMD Ryzen 5 PRO 7540U,3201,6,"Mar 26, 2024",Windows,2401.0,8844.0,https://browser.geekbench.com/v6/cpu/5472419
LENOVO 21K70009US,AMD Ryzen 5 PRO 7540U,3201,6,"Mar 26, 2024",Windows,2252.0,8549.0,https://browser.geekbench.com/v6/cpu/5468075
LENOVO 21K70009US,AMD Ryzen 5 PRO 7540U,3201,6,"Mar 21, 2024",Windows,2226.0,8397.0,https://browser.geekbench.com/v6/cpu/5397500
LENOVO 21K70009US,AMD Ryzen 5 PRO 7540U,3201,6,"Mar 20, 2024",Windows,2331.0,8830.0,https://browser.geekbench.com/v6/cpu/5384315
LENOVO 21K4S04700,AMD Ryzen 5 PRO 7540U,4976,6,"Mar 19, 2024",Linux,2397.0,8732.0,https://browser.geekbench.com/v6/cpu/5379614
LENOVO 21K4S0CD00,AMD Ryzen 5 PRO 7540U,3201,6,"Mar 14, 2024",Windows,2021.0,7209.0,https://browser.geekbench.com/v6/cpu/5308583
HP HP EliteBook 845 14 inch G10 Notebook PC,AMD Ryzen 5 PRO 7540U,3201,6,"Mar 13, 2024",Windows,2306.0,8891.0,https://browser.geekbench.com/v6/cpu/5294992
LENOVO 21K70009US,AMD Ryzen 5 PRO 7540U,3201,6,"Mar 06, 2024",Windows,2174.0,5780.0,https://browser.geekbench.com/v6/cpu/5204265
LENOVO 21K9CTO1WW,AMD Ryzen 5 PRO 7540U,3201,6,"Feb 27, 2024",Windows,2259.0,8929.0,https://browser.geekbench.com/v6/cpu/5091493
LENOVO 21K9CTO1WW,AMD Ryzen 5 PRO 7540U,3201,6,"Feb 27, 2024",Windows,1910.0,8785.0,https://browser.geekbench.com/v6/cpu/5091188
LENOVO 21K30007US,AMD Ryzen 5 PRO 7540U,3201,6,"Feb 27, 2024",Windows,2281.0,8842.0,https://browser.geekbench.com/v6/cpu/5083702
HP HP EliteBook 865 16 inch G10 Notebook PC,AMD Ryzen 5 PRO 7540U,3201,6,"Feb 26, 2024",Windows,2357.0,7857.0,https://browser.geekbench.com/v6/cpu/5077635
LENOVO 21K5CTO1WW,AMD Ryzen 5 PRO 7540U,3201,6,"Feb 26, 2024",Windows,2339.0,8892.0,https://browser.geekbench.com/v6/cpu/5075097
LENOVO 21K7CTO1WW,AMD Ryzen 5 PRO 7540U,4976,6,"Feb 26, 2024",Linux,1272.0,5191.0,https://browser.geekbench.com/v6/cpu/5072480
LENOVO 21K7CTO1WW,AMD Ryzen 5 PRO 7540U,4976,6,"Feb 26, 2024",Linux,1746.0,5516.0,https://browser.geekbench.com/v6/cpu/5072465
LENOVO 21F8000PUK,AMD Ryzen 5 PRO 7540U,4976,6,"Feb 21, 2024",Linux,2059.0,5959.0,https://browser.geekbench.com/v6/cpu/5006787
LENOVO 21F8000PUK,AMD Ryzen 5 PRO 7540U,4976,6,"Feb 15, 2024",Linux,2102.0,8977.0,https://browser.geekbench.com/v6/cpu/4921713
LENOVO 21K7CTO1WW,AMD Ryzen 5 PRO 7540U,3201,6,"Feb 12, 2024",Windows,2254.0,8609.0,https://browser.geekbench.com/v6/cpu/4886250
HP HP EliteBook 845 14 inch G10 Notebook PC,AMD Ryzen 5 PRO 7540U,3201,6,"Feb 07, 2024",Windows,2170.0,8080.0,https://browser.geekbench.com/v6/cpu/4799516
LENOVO 21K4S0AQ00,AMD Ryzen 5 PRO 7540U,3201,6,"Jan 31, 2024",Windows,2318.0,8906.0,https://browser.geekbench.com/v6/cpu/4687413
LENOVO 21K4S0AQ00,AMD Ryzen 5 PRO 7540U,3201,6,"Jan 31, 2024",Windows,2282.0,8797.0,https://browser.geekbench.com/v6/cpu/4686195
LENOVO 21K4S0AQ00,AMD Ryzen 5 PRO 7540U,3201,6,"Jan 31, 2024",Windows,2041.0,8006.0,https://browser.geekbench.com/v6/cpu/4686077
LENOVO 21K4S0AQ00,AMD Ryzen 5 PRO 7540U,3201,6,"Jan 31, 2024",Windows,2108.0,6441.0,https://browser.geekbench.com/v6/cpu/4685439
LENOVO 21K4S0AQ00,AMD Ryzen 5 PRO 7540U,3201,6,"Jan 31, 2024",Windows,2170.0,6585.0,https://browser.geekbench.com/v6/cpu/4685242
LENOVO 21K4S0AQ00,AMD Ryzen 5 PRO 7540U,3201,6,"Jan 31, 2024",Windows,2336.0,8736.0,https://browser.geekbench.com/v6/cpu/4684746
LENOVO 21K4S0AQ00,AMD Ryzen 5 PRO 7540U,3201,6,"Jan 31, 2024",Windows,1943.0,5840.0,https://browser.geekbench.com/v6/cpu/4684099
LENOVO 21K4S0AQ00,AMD Ryzen 5 PRO 7540U,3201,6,"Jan 31, 2024",Windows,1615.0,6512.0,https://browser.geekbench.com/v6/cpu/4683978
HP HP EliteBook 845 14 inch G10 Notebook PC,AMD Ryzen 5 7540U,3201,6,"Jan 24, 2024",Windows,2501.0,9105.0,https://browser.geekbench.com/v6/cpu/4538723
HP HP EliteBook 845 14 inch G10 Notebook PC,AMD Ryzen 5 7540U,3201,6,"Jan 22, 2024",Windows,2423.0,9046.0,https://browser.geekbench.com/v6/cpu/4507689
HP HP EliteBook 845 14 inch G10 Notebook PC,AMD Ryzen 5 7540U,3201,6,"Jan 22, 2024",Windows,2449.0,9082.0,https://browser.geekbench.com/v6/cpu/4507573
LENOVO 21K4S1L001,AMD Ryzen 5 PRO 7540U,3201,6,"Jan 17, 2024",Windows,2384.0,8978.0,https://browser.geekbench.com/v6/cpu/4425217
HP HP EliteBook 845 14 inch G10 Notebook PC,AMD Ryzen 5 7540U,3201,6,"Jan 15, 2024",Windows,2468.0,9034.0,https://browser.geekbench.com/v6/cpu/4401718
HP HP EliteBook 845 14 inch G10 Notebook PC,AMD Ryzen 5 7540U,3201,6,"Jan 15, 2024",Windows,2537.0,9306.0,https://browser.geekbench.com/v6/cpu/4399960
HP HP EliteBook 835 13 inch G10 Notebook PC,AMD Ryzen 5 PRO 7540U,3201,6,"Jan 11, 2024",Windows,2345.0,8855.0,https://browser.geekbench.com/v6/cpu/4345588
LENOVO 21J30041PG,AMD Ryzen 5 PRO 7540U,3201,6,"Jan 08, 2024",Windows,1961.0,6620.0,https://browser.geekbench.com/v6/cpu/4309520
LENOVO 21JWS07V00,AMD Ryzen 5 PRO 7540U,3201,6,"Dec 19, 2023",Windows,2266.0,8134.0,https://browser.geekbench.com/v6/cpu/4056216
HP HP EliteBook 835 13 inch G10 Notebook PC,AMD Ryzen 5 PRO 7540U,3201,6,"Dec 19, 2023",Windows,2365.0,8948.0,https://browser.geekbench.com/v6/cpu/4050107
LENOVO 21J30041PG,AMD Ryzen 5 PRO 7540U,3201,6,"Dec 18, 2023",Windows,2021.0,6389.0,https://browser.geekbench.com/v6/cpu/4037521
LENOVO 21J30041PG,AMD Ryzen 5 PRO 7540U,3201,6,"Dec 18, 2023",Windows,1972.0,6103.0,https://browser.geekbench.com/v6/cpu/4037467
LENOVO 21J30041PG,AMD Ryzen 5 PRO 7540U,3201,6,"Dec 18, 2023",Windows,2234.0,8304.0,https://browser.geekbench.com/v6/cpu/4037418
LENOVO 21J30041PG,AMD Ryzen 5 PRO 7540U,3201,6,"Dec 18, 2023",Windows,1420.0,5000.0,https://browser.geekbench.com/v6/cpu/4037377
LENOVO 21K3CTO1WW,AMD Ryzen 5 PRO 7540U,3201,6,"Dec 16, 2023",Windows,1582.0,5016.0,https://browser.geekbench.com/v6/cpu/4015032
LENOVO 21K3CTO1WW,AMD Ryzen 5 PRO 7540U,3201,6,"Dec 16, 2023",Windows,2215.0,8799.0,https://browser.geekbench.com/v6/cpu/4014733
LENOVO 21K3CTO1WW,AMD Ryzen 5 PRO 7540U,3201,6,"Dec 16, 2023",Windows,2173.0,8544.0,https://browser.geekbench.com/v6/cpu/4014524
HP HP EliteBook 845 14 inch G10 Notebook PC,AMD Ryzen 5 PRO 7540U,3201,6,"Dec 15, 2023",Windows,1744.0,5307.0,https://browser.geekbench.com/v6/cpu/4003693
LENOVO 21K3000SMB,AMD Ryzen 5 PRO 7540U,3201,6,"Dec 14, 2023",Windows,2289.0,8858.0,https://browser.geekbench.com/v6/cpu/3984596
LENOVO 21K3000SMB,AMD Ryzen 5 PRO 7540U,3201,6,"Dec 14, 2023",Windows,2190.0,8763.0,https://browser.geekbench.com/v6/cpu/3984490
LENOVO 21K3000SMB,AMD Ryzen 5 PRO 7540U,3201,6,"Dec 14, 2023",Windows,2133.0,8783.0,https://browser.geekbench.com/v6/cpu/3984398
LENOVO 21K4S1JQ2L,AMD Ryzen 5 PRO 7540U,3201,6,"Dec 14, 2023",Windows,2362.0,8573.0,https://browser.geekbench.com/v6/cpu/3981458
LENOVO 21F8CTO1WW,AMD Ryzen 5 PRO 7540U,3201,6,"Dec 12, 2023",Windows,2358.0,9034.0,https://browser.geekbench.com/v6/cpu/3960848
LENOVO 21K3000SMB,AMD Ryzen 5 PRO 7540U,3201,6,"Dec 12, 2023",Windows,2271.0,8980.0,https://browser.geekbench.com/v6/cpu/3953911
LENOVO 21K3000SMB,AMD Ryzen 5 PRO 7540U,3201,6,"Dec 12, 2023",Windows,2270.0,8882.0,https://browser.geekbench.com/v6/cpu/3953850
LENOVO 21K3000SMB,AMD Ryzen 5 PRO 7540U,3201,6,"Dec 12, 2023",Windows,2200.0,8607.0,https://browser.geekbench.com/v6/cpu/3953791
LENOVO 21F8CTO1WW,AMD Ryzen 5 PRO 7540U,3201,6,"Dec 11, 2023",Windows,2320.0,9010.0,https://browser.geekbench.com/v6/cpu/3948274
LENOVO 21F8CTO1WW,AMD Ryzen 5 PRO 7540U,3201,6,"Dec 11, 2023",Windows,2265.0,8236.0,https://browser.geekbench.com/v6/cpu/3948187
HP HP EliteBook 865 16 inch G10 Notebook PC,AMD Ryzen 5 PRO 7540U,3201,6,"Dec 08, 2023",Windows,2486.0,9134.0,https://browser.geekbench.com/v6/cpu/3902270
LENOVO 21F8000KGE,AMD Ryzen 5 PRO 7540U,3201,6,"Dec 07, 2023",Windows,2221.0,8544.0,https://browser.geekbench.com/v6/cpu/3885330
HP HP EliteBook 845 14 inch G10 Notebook PC,AMD Ryzen 5 7540U,3201,6,"Nov 26, 2023",Windows,2401.0,8804.0,https://browser.geekbench.com/v6/cpu/3728020
HP HP EliteBook 845 14 inch G10 Notebook PC,AMD Ryzen 5 7540U,3201,6,"Nov 26, 2023",Windows,2438.0,8761.0,https://browser.geekbench.com/v6/cpu/3727958
LENOVO 21K7CTO1WW,AMD Ryzen 5 PRO 7540U,4976,6,"Nov 25, 2023",Linux,1926.0,8451.0,https://browser.geekbench.com/v6/cpu/3711523
HP HP EliteBook 845 14 inch G10 Notebook PC,AMD Ryzen 5 7540U,3201,6,"Nov 22, 2023",Windows,2423.0,9115.0,https://browser.geekbench.com/v6/cpu/3666941
HP HP EliteBook 845 14 inch G10 Notebook PC,AMD Ryzen 5 PRO 7540U,4976,6,"Nov 21, 2023",Linux,2058.0,5590.0,https://browser.geekbench.com/v6/cpu/3646783
HP HP EliteBook 845 14 inch G10 Notebook PC,AMD Ryzen 5 PRO 7540U,4976,6,"Nov 21, 2023",Linux,1274.0,5102.0,https://browser.geekbench.com/v6/cpu/3646706
HP HP EliteBook 845 14 inch G10 Notebook PC,AMD Ryzen 5 PRO 7540U,4976,6,"Nov 21, 2023",Linux,1597.0,2770.0,https://browser.geekbench.com/v6/cpu/3646691
HP HP EliteBook 845 14 inch G10 Notebook PC,AMD Ryzen 5 PRO 7540U,4976,6,"Nov 21, 2023",Linux,1579.0,2725.0,https://browser.geekbench.com/v6/cpu/3646690
HP HP EliteBook 845 14 inch G10 Notebook PC,AMD Ryzen 5 PRO 7540U,4976,6,"Nov 21, 2023",Linux,1800.0,2421.0,https://browser.geekbench.com/v6/cpu/3646687
HP HP EliteBook 845 14 inch G10 Notebook PC,AMD Ryzen 5 PRO 7540U,4976,6,"Nov 21, 2023",Linux,1753.0,2202.0,https://browser.geekbench.com/v6/cpu/3646686
HP HP EliteBook 845 14 inch G10 Notebook PC,AMD Ryzen 5 PRO 7540U,4976,6,"Nov 21, 2023",Linux,1858.0,3053.0,https://browser.geekbench.com/v6/cpu/3646681
LENOVO 21K3CTO1WW,AMD Ryzen 5 PRO 7540U,3201,6,"Nov 15, 2023",Windows,1939.0,8313.0,https://browser.geekbench.com/v6/cpu/3554097
HP HP EliteBook 845 14 inch G10 Notebook PC,AMD Ryzen 5 7540U,3201,6,"Nov 12, 2023",Windows,2384.0,9062.0,https://browser.geekbench.com/v6/cpu/3519931
HP HP EliteBook 845 14 inch G10 Notebook PC,AMD Ryzen 5 7540U,3201,6,"Nov 12, 2023",Windows,2397.0,8858.0,https://browser.geekbench.com/v6/cpu/3519873
HP HP EliteBook 845 14 inch G10 Notebook PC,AMD Ryzen 5 7540U,3201,6,"Nov 12, 2023",Windows,2443.0,9103.0,https://browser.geekbench.com/v6/cpu/3511451
HP HP EliteBook 845 14 inch G10 Notebook PC,AMD Ryzen 5 7540U,3201,6,"Nov 11, 2023",Windows,2413.0,9046.0,https://browser.geekbench.com/v6/cpu/3503689
HP HP EliteBook 845 14 inch G10 Notebook PC,AMD Ryzen 5 7540U,3201,6,"Nov 11, 2023",Windows,2410.0,8925.0,https://browser.geekbench.com/v6/cpu/3503003
HP HP EliteBook 845 14 inch G10 Notebook PC,AMD Ryzen 5 7540U,3201,6,"Nov 11, 2023",Windows,2430.0,9014.0,https://browser.geekbench.com/v6/cpu/3497909
HP HP EliteBook 845 14 inch G10 Notebook PC,AMD Ryzen 5 7540U,3201,6,"Nov 09, 2023",Windows,2371.0,7764.0,https://browser.geekbench.com/v6/cpu/3472606
HP HP EliteBook 845 14 inch G10 Notebook PC,AMD Ryzen 5 7540U,3201,6,"Nov 09, 2023",Windows,2312.0,7660.0,https://browser.geekbench.com/v6/cpu/3472527
LENOVO 21K4S1L001,AMD Ryzen 5 PRO 7540U,3201,6,"Nov 09, 2023",Windows,2415.0,9393.0,https://browser.geekbench.com/v6/cpu/3466280
HP HP EliteBook 865 16 inch G10 Notebook PC,AMD Ryzen 5 7540U,3201,6,"Nov 08, 2023",Windows,1739.0,7250.0,https://browser.geekbench.com/v6/cpu/3458409
HP HP EliteBook 845 14 inch G10 Notebook PC,AMD Ryzen 5 7540U,3201,6,"Nov 08, 2023",Windows,2346.0,7756.0,https://browser.geekbench.com/v6/cpu/3455595
HP HP EliteBook 845 14 inch G10 Notebook PC,AMD Ryzen 5 7540U,3201,6,"Nov 08, 2023",Windows,2352.0,7737.0,https://browser.geekbench.com/v6/cpu/3455437
HP HP EliteBook 845 14 inch G10 Notebook PC,AMD Ryzen 5 7540U,3201,6,"Nov 08, 2023",Windows,2413.0,7396.0,https://browser.geekbench.com/v6/cpu/3454860
HP HP EliteBook 845 14 inch G10 Notebook PC,AMD Ryzen 5 7540U,3201,6,"Nov 08, 2023",Windows,2152.0,7399.0,https://browser.geekbench.com/v6/cpu/3454571
HP HP EliteBook 845 14 inch G10 Notebook PC,AMD Ryzen 5 7540U,3201,6,"Nov 07, 2023",Windows,2385.0,7657.0,https://browser.geekbench.com/v6/cpu/3440774
HP HP EliteBook 845 14 inch G10 Notebook PC,AMD Ryzen 5 7540U,3201,6,"Nov 07, 2023",Windows,2335.0,7632.0,https://browser.geekbench.com/v6/cpu/3440708
HP HP EliteBook 845 14 inch G10 Notebook PC,AMD Ryzen 5 7540U,3201,6,"Nov 07, 2023",Windows,2342.0,7710.0,https://browser.geekbench.com/v6/cpu/3440636
LENOVO 21J3CTO1WW,AMD Ryzen 5 PRO 7540U,3201,6,"Nov 06, 2023",Windows,1794.0,5572.0,https://browser.geekbench.com/v6/cpu/3415542
HP HP EliteBook 845 14 inch G10 Notebook PC,AMD Ryzen 5 7540U,3201,6,"Nov 05, 2023",Windows,2361.0,7814.0,https://browser.geekbench.com/v6/cpu/3409993
HP HP EliteBook 845 14 inch G10 Notebook PC,AMD Ryzen 5 7540U,3201,6,"Nov 05, 2023",Windows,2266.0,7721.0,https://browser.geekbench.com/v6/cpu/3409891
LENOVO 21J3CTO1WW,AMD Ryzen 5 PRO 7540U,3201,6,"Nov 05, 2023",Windows,2253.0,6375.0,https://browser.geekbench.com/v6/cpu/3408340
HP HP EliteBook 845 14 inch G10 Notebook PC,AMD Ryzen 5 7540U,3201,6,"Nov 05, 2023",Windows,2418.0,7671.0,https://browser.geekbench.com/v6/cpu/3402224
HP HP EliteBook 845 14 inch G10 Notebook PC,AMD Ryzen 5 7540U,3201,6,"Nov 05, 2023",Windows,2352.0,7779.0,https://browser.geekbench.com/v6/cpu/3402132
HP HP EliteBook 845 14 inch G10 Notebook PC,AMD Ryzen 5 7540U,3201,6,"Oct 29, 2023",Windows,2324.0,7766.0,https://browser.geekbench.com/v6/cpu/3309731
HP HP EliteBook 845 14 inch G10 Notebook PC,AMD Ryzen 5 7540U,3201,6,"Oct 29, 2023",Windows,2361.0,7792.0,https://browser.geekbench.com/v6/cpu/3303126
HP HP EliteBook 845 14 inch G10 Notebook PC,AMD Ryzen 5 7540U,3201,6,"Oct 28, 2023",Windows,2402.0,7759.0,https://browser.geekbench.com/v6/cpu/3287927
LENOVO 21K4S0DQ00,AMD Ryzen 5 PRO 7540U,3201,6,"Oct 25, 2023",Windows,1777.0,7397.0,https://browser.geekbench.com/v6/cpu/3242222
LENOVO 21F9S04900,AMD Ryzen 5 PRO 7540U,3201,6,"Oct 19, 2023",Windows,2378.0,8516.0,https://browser.geekbench.com/v6/cpu/3153720
HP HP EliteBook 845 14 inch G10 Notebook PC,AMD Ryzen 5 PRO 7540U,4976,6,"Oct 16, 2023",Linux,2049.0,8230.0,https://browser.geekbench.com/v6/cpu/3111340
HP HP EliteBook 845 14 inch G10 Notebook PC,AMD Ryzen 5 PRO 7540U,4976,6,"Oct 16, 2023",Linux,2061.0,5610.0,https://browser.geekbench.com/v6/cpu/3111181
HP HP EliteBook 845 14 inch G10 Notebook PC,AMD Ryzen 5 PRO 7540U,4976,6,"Oct 13, 2023",Linux,2304.0,8130.0,https://browser.geekbench.com/v6/cpu/3054174
HP HP EliteBook 845 14 inch G10 Notebook PC,AMD Ryzen 5 PRO 7540U,4976,6,"Oct 13, 2023",Linux,1996.0,5805.0,https://browser.geekbench.com/v6/cpu/3053886
HP HP EliteBook 845 14 inch G10 Notebook PC,AMD Ryzen 5 PRO 7540U,4976,6,"Oct 12, 2023",Linux,2059.0,5663.0,https://browser.geekbench.com/v6/cpu/3044807
LENOVO 21K4S0EJ00,AMD Ryzen 5 PRO 7540U,3201,6,"Oct 10, 2023",Windows,2341.0,8860.0,https://browser.geekbench.com/v6/cpu/3008447
HP HP EliteBook 865 16 inch G10 Notebook PC,AMD Ryzen 5 7540U,3201,6,"Oct 01, 2023",Windows,2300.0,8008.0,https://browser.geekbench.com/v6/cpu/2855853
HP HP EliteBook 865 16 inch G10 Notebook PC,AMD Ryzen 5 7540U,3201,6,"Oct 01, 2023",Windows,2176.0,5665.0,https://browser.geekbench.com/v6/cpu/2855661
HP HP EliteBook 865 16 inch G10 Notebook PC,AMD Ryzen 5 7540U,3201,6,"Oct 01, 2023",Windows,1839.0,5413.0,https://browser.geekbench.com/v6/cpu/2855590
HP HP EliteBook 865 16 inch G10 Notebook PC,AMD Ryzen 5 7540U,3201,6,"Sep 29, 2023",Windows,2289.0,7499.0,https://browser.geekbench.com/v6/cpu/2831169
HP HP EliteBook 845 14 inch G10 Notebook PC,AMD Ryzen 5 7540U,3201,6,"Sep 20, 2023",Windows,2266.0,8017.0,https://browser.geekbench.com/v6/cpu/2687556
HP HP EliteBook 845 14 inch G10 Notebook PC,AMD Ryzen 5 PRO 7540U,3201,6,"Sep 19, 2023",Windows,2388.0,8161.0,https://browser.geekbench.com/v6/cpu/2673433
HP HP EliteBook 845 14 inch G10 Notebook PC,AMD Ryzen 5 PRO 7540U,3201,6,"Aug 24, 2023",Windows,2255.0,8630.0,https://browser.geekbench.com/v6/cpu/2372847
HP HP EliteBook 845 14 inch G10 Notebook PC,AMD Ryzen 5 7540U,3201,6,"Aug 09, 2023",Windows,2408.0,8573.0,https://browser.geekbench.com/v6/cpu/2202858
HP HP EliteBook 845 14 inch G10 Notebook PC,AMD Ryzen 5 7540U,3201,6,"Aug 09, 2023",Windows,2508.0,9654.0,https://browser.geekbench.com/v6/cpu/2202769
HP HP EliteBook 845 14 inch G10 Notebook PC,AMD Ryzen 5 PRO 7540U,3201,6,"Aug 09, 2023",Windows,2212.0,8522.0,https://browser.geekbench.com/v6/cpu/2202356
HP HP EliteBook 845 14 inch G10 Notebook PC,AMD Ryzen 5 7540U,3201,6,"Jul 18, 2023",Windows,2256.0,7702.0,https://browser.geekbench.com/v6/cpu/1957301
